Capital,Pais_ISO,Pais_Nome,Tendencia_5_Anos,Nivel_Liberdade_Mio,Tamanho_Medio_Historico,Duracao_Media_Historica,Principais_Participantes,Principais_Motivações,Resultados_Comuns,Perfil_Risco_Justificativa
Jakarta,IDN,Indonesia,Risco Elevado,Partly free,Thousands,1 day,General public.,"Econômica, Política, Corrupção","Outcome Significativo, Resposta Gov. Violenta","Cidade: Jakarta (País: Indonesia, Nível Liberdade: Partly free). Tendência: 'Risco Elevado'. Motivações: (Econômica, Política, Corrupção). Participantes: (General public.). Duração: '1 day'. Tamanho: 'Thousands'. Resultados comuns: Outcome Significativo, Resposta Gov. Violenta."
Tunis,TUN,Tunisia,Risco Baixo,Partly free,Thousands,1 day,General public.,"Econômica, Política","Outcome Significativo, Resposta Gov. Violenta, Protesto Longo (>3m)","Cidade: Tunis (País: Tunisia, Nível Liberdade: Partly free). Tendência: 'Risco Baixo'. Motivações: (Econômica, Política). Participantes: (General public.). Duração: '1 day'. Tamanho: 'Thousands'. Resultados comuns: Outcome Significativo, Resposta Gov. Violenta, Protesto Longo (>3m)."
Monrovia,LBR,Liberia,Risco Elevado,Partly Free,Thousands,1 day,"General public, women","Econômica, Política, Corrupção",Outcome Significativo,"Cidade: Monrovia (País: Liberia, Nível Liberdade: Partly Free). Tendência: 'Risco Elevado'. Motivações: (Econômica, Política, Corrupção). Participantes: (General public, women). Duração: '1 day'. Tamanho: 'Thousands'. Resultados comuns: Outcome Significativo."
Dhaka,BGD,Bangladesh,Risco Elevado,Partly Free,Tens of thousands,1 day,Anti-Discrimination Student Movement (student protesters),"Econômica, Política, Corrupção, Gênero","Outcome Significativo, Resposta Gov. Violenta, Protesto Longo (>3m), Protesto Grande (>100k)","Cidade: Dhaka (País: Bangladesh, Nível Liberdade: Partly Free). Tendência: 'Risco Elevado'. Motivações: (Econômica, Política, Corrupção, Gênero). Participantes: (Anti-Discrimination Student Movement (student protesters)). Duração: '1 day'. Tamanho: 'Tens of thousands'. Resultados comuns: Outcome Significativo, Resposta Gov. Violenta, Protesto Longo (>3m), Protesto Grande (>100k)."
Damascus,SYR,Syria,Risco Muito Elevado,Not Free,Hundreds,1 day,General public,"Econômica, Política, Corrupção","Outcome Significativo, Resposta Gov. Violenta, Protesto Longo (>3m)","Cidade: Damascus (País: Syria, Nível Liberdade: Not Free). Tendência: 'Risco Muito Elevado'. Motivações: (Econômica, Política, Corrupção). Participantes: (General public). Duração: '1 day'. Tamanho: 'Hundreds'. Resultados comuns: Outcome Significativo, Resposta Gov. Violenta, Protesto Longo (>3m)."
Washington D.C.,USA,United States,Sem Dados,Free,Thousands,1 day,General public,"Econômica, Política, Corrupção",Protesto Grande (>100k),"Cidade: Washington D.C. (País: United States, Nível Liberdade: Free). Tendência: 'Sem Dados'. Motivações: (Econômica, Política, Corrupção). Participantes: (General public). Duração: '1 day'. Tamanho: 'Thousands'. Resultados comuns: Protesto Grande (>100k)."
New Delhi,IND,India,Risco Muito Elevado,Partly free,Thousands,1 day,Aam Aadmi Party,"Econômica, Política, Corrupção, Gênero","Outcome Significativo, Resposta Gov. Violenta, Protesto Longo (>3m), Protesto Grande (>100k)","Cidade: New Delhi (País: India, Nível Liberdade: Partly free). Tendência: 'Risco Muito Elevado'. Motivações: (Econômica, Política, Corrupção, Gênero). Participantes: (Aam Aadmi Party). Duração: '1 day'. Tamanho: 'Thousands'. Resultados comuns: Outcome Significativo, Resposta Gov. Violenta, Protesto Longo (>3m), Protesto Grande (>100k)."
Beirut,LBN,Lebanon,Risco Médio,Partly Free,Hundreds,1 day,Family members of those killed in the 2020 Beirut blast.,"Econômica, Política, Corrupção","Outcome Significativo, Resposta Gov. Violenta, Protesto Longo (>3m), Protesto Grande (>100k)","Cidade: Beirut (País: Lebanon, Nível Liberdade: Partly Free). Tendência: 'Risco Médio'. Motivações: (Econômica, Política, Corrupção). Participantes: (Family members of those killed in the 2020 Beirut blast.). Duração: '1 day'. Tamanho: 'Hundreds'. Resultados comuns: Outcome Significativo, Resposta Gov. Violenta, Protesto Longo (>3m), Protesto Grande (>100k)."
Buenos Aires,ARG,Argentina,Risco Elevado,Free,Thousands,1 day,Fernández de Kirchner's supporters,"Econômica, Política, Corrupção, Gênero","Outcome Significativo, Resposta Gov. Violenta, Protesto Longo (>3m), Protesto Grande (>100k)","Cidade: Buenos Aires (País: Argentina, Nível Liberdade: Free). Tendência: 'Risco Elevado'. Motivações: (Econômica, Política, Corrupção, Gênero). Participantes: (Fernández de Kirchner's supporters). Duração: '1 day'. Tamanho: 'Thousands'. Resultados comuns: Outcome Significativo, Resposta Gov. Violenta, Protesto Longo (>3m), Protesto Grande (>100k)."
Brasília,BRA,Brazil,Risco Médio,Free,Thousands,1 day,Bolsonaro supporters,"Econômica, Política, Gênero",Não especificado,"Cidade: Brasília (País: Brazil, Nível Liberdade: Free). Tendência: 'Risco Médio'. Motivações: (Econômica, Política, Gênero). Participantes: (Bolsonaro supporters). Duração: '1 day'. Tamanho: 'Thousands'. Resultados comuns: Não especificado."
Ouagadougou,BFA,Burkina Faso,Risco Médio,Not free,Hundreds,1 day,General public.,Política,"Outcome Significativo, Resposta Gov. Violenta","Cidade: Ouagadougou (País: Burkina Faso, Nível Liberdade: Not free). Tendência: 'Risco Médio'. Motivações: (Política). Participantes: (General public.). Duração: '1 day'. Tamanho: 'Hundreds'. Resultados comuns: Outcome Significativo, Resposta Gov. Violenta."
Asunción,PRY,Paraguay,Risco Médio,Partly free,Thousands,1 day,"General public, including medical professionals.","Econômica, Política, Corrupção",Outcome Significativo,"Cidade: Asunción (País: Paraguay, Nível Liberdade: Partly free). Tendência: 'Risco Médio'. Motivações: (Econômica, Política, Corrupção). Participantes: (General public, including medical professionals.). Duração: '1 day'. Tamanho: 'Thousands'. Resultados comuns: Outcome Significativo."
Kuala Lumpur,MYS,Malaysia,Risco Elevado,Partly Free,Thousands,1 day,Lawyers,"Econômica, Política",Outcome Significativo,"Cidade: Kuala Lumpur (País: Malaysia, Nível Liberdade: Partly Free). Tendência: 'Risco Elevado'. Motivações: (Econômica, Política). Participantes: (Lawyers). Duração: '1 day'. Tamanho: 'Thousands'. Resultados comuns: Outcome Significativo."
Banjul ,GMB,The Gambia,Sem Dados,Partly Free,Thousands,1 day,"Gambians Against Looted Assets (GALA), general public","Política, Corrupção",Não especificado,"Cidade: Banjul  (País: The Gambia, Nível Liberdade: Partly Free). Tendência: 'Sem Dados'. Motivações: (Política, Corrupção). Participantes: (Gambians Against Looted Assets (GALA), general public). Duração: '1 day'. Tamanho: 'Thousands'. Resultados comuns: Não especificado."
Kyiv,UKR,Ukraine,Risco Médio,Partly free,Hundreds,1 day,General public,"Política, Corrupção",Outcome Significativo,"Cidade: Kyiv (País: Ukraine, Nível Liberdade: Partly free). Tendência: 'Risco Médio'. Motivações: (Política, Corrupção). Participantes: (General public). Duração: '1 day'. Tamanho: 'Hundreds'. Resultados comuns: Outcome Significativo."
Luanda,AGO,Angola,Risco Médio,Not free,Thousands,1 month,General public.,"Econômica, Política","Outcome Significativo, Resposta Gov. Violenta","Cidade: Luanda (País: Angola, Nível Liberdade: Not free). Tendência: 'Risco Médio'. Motivações: (Econômica, Política). Participantes: (General public.). Duração: '1 month'. Tamanho: 'Thousands'. Resultados comuns: Outcome Significativo, Resposta Gov. Violenta."
Sofia,BGR,Bulgaria,Risco Elevado,Free,Thousands,1 day,Farmers,"Econômica, Política, Corrupção","Outcome Significativo, Protesto Longo (>3m), Protesto Grande (>100k)","Cidade: Sofia (País: Bulgaria, Nível Liberdade: Free). Tendência: 'Risco Elevado'. Motivações: (Econômica, Política, Corrupção). Participantes: (Farmers). Duração: '1 day'. Tamanho: 'Thousands'. Resultados comuns: Outcome Significativo, Protesto Longo (>3m), Protesto Grande (>100k)."
Lomé,TGO,Togo,Risco Médio,Free,Thousands,1 month,"Activists, youth","Econômica, Política","Outcome Significativo, Resposta Gov. Violenta","Cidade: Lomé (País: Togo, Nível Liberdade: Free). Tendência: 'Risco Médio'. Motivações: (Econômica, Política). Participantes: (Activists, youth). Duração: '1 month'. Tamanho: 'Thousands'. Resultados comuns: Outcome Significativo, Resposta Gov. Violenta."
Sanaa,YEM,Yemen,Sem Dados,Not Free,Tens of thousands,1 day,General public,Política,Não especificado,"Cidade: Sanaa (País: Yemen, Nível Liberdade: Not Free). Tendência: 'Sem Dados'. Motivações: (Política). Participantes: (General public). Duração: '1 day'. Tamanho: 'Tens of thousands'. Resultados comuns: Não especificado."
Tehran,IRN,Iran,Risco Elevado,Not free,Tens of thousands,1 month,General public.,"Econômica, Política, Corrupção, Gênero","Outcome Significativo, Resposta Gov. Violenta, Protesto Longo (>3m), Protesto Grande (>100k)","Cidade: Tehran (País: Iran, Nível Liberdade: Not free). Tendência: 'Risco Elevado'. Motivações: (Econômica, Política, Corrupção, Gênero). Participantes: (General public.). Duração: '1 month'. Tamanho: 'Tens of thousands'. Resultados comuns: Outcome Significativo, Resposta Gov. Violenta, Protesto Longo (>3m), Protesto Grande (>100k)."
Bangkok,THA,Thailand,Risco Médio,Not free,Hundreds,1 month,General public.,"Econômica, Política","Outcome Significativo, Resposta Gov. Violenta, Protesto Longo (>3m)","Cidade: Bangkok (País: Thailand, Nível Liberdade: Not free). Tendência: 'Risco Médio'. Motivações: (Econômica, Política). Participantes: (General public.). Duração: '1 month'. Tamanho: 'Hundreds'. Resultados comuns: Outcome Significativo, Resposta Gov. Violenta, Protesto Longo (>3m)."
Nairobi,KEN,Kenya,Risco Elevado,Partly free,Thousands,1 day,General public.,"Econômica, Política, Corrupção, Gênero","Outcome Significativo, Resposta Gov. Violenta, Protesto Longo (>3m)","Cidade: Nairobi (País: Kenya, Nível Liberdade: Partly free). Tendência: 'Risco Elevado'. Motivações: (Econômica, Política, Corrupção, Gênero). Participantes: (General public.). Duração: '1 day'. Tamanho: 'Thousands'. Resultados comuns: Outcome Significativo, Resposta Gov. Violenta, Protesto Longo (>3m)."
Bogotá,COL,Colombia,Risco Muito Baixo,Free,Tens of thousands,1 day,General public,"Econômica, Política",Outcome Significativo,"Cidade: Bogotá (País: Colombia, Nível Liberdade: Free). Tendência: 'Risco Muito Baixo'. Motivações: (Econômica, Política). Participantes: (General public). Duração: '1 day'. Tamanho: 'Tens of thousands'. Resultados comuns: Outcome Significativo."
Abidjan,,Ivory Coast,Sem Dados,Partly Free,Thousands,1 day in June; 1 day in August,Opposition,Política,Não especificado,"Cidade: Abidjan (País: Ivory Coast, Nível Liberdade: Partly Free). Tendência: 'Sem Dados'. Motivações: (Política). Participantes: (Opposition). Duração: '1 day in June; 1 day in August'. Tamanho: 'Thousands'. Resultados comuns: Não especificado."
Madrid,ESP,Spain,Risco Elevado,Free,Thousands,1 day,General public,"Econômica, Política, Corrupção, Gênero","Outcome Significativo, Resposta Gov. Violenta, Protesto Longo (>3m), Protesto Grande (>100k)","Cidade: Madrid (País: Spain, Nível Liberdade: Free). Tendência: 'Risco Elevado'. Motivações: (Econômica, Política, Corrupção, Gênero). Participantes: (General public). Duração: '1 day'. Tamanho: 'Thousands'. Resultados comuns: Outcome Significativo, Resposta Gov. Violenta, Protesto Longo (>3m), Protesto Grande (>100k)."
Bucharest,ROU,Romania,Risco Elevado,Free,Tens of thousands,1 day,General public.,"Econômica, Política","Outcome Significativo, Resposta Gov. Violenta, Protesto Longo (>3m)","Cidade: Bucharest (País: Romania, Nível Liberdade: Free). Tendência: 'Risco Elevado'. Motivações: (Econômica, Política). Participantes: (General public.). Duração: '1 day'. Tamanho: 'Tens of thousands'. Resultados comuns: Outcome Significativo, Resposta Gov. Violenta, Protesto Longo (>3m)."
Panama City,PAN,Panama,Risco Médio,Free,Thousands,2 months,General public.,"Econômica, Política, Corrupção",Outcome Significativo,"Cidade: Panama City (País: Panama, Nível Liberdade: Free). Tendência: 'Risco Médio'. Motivações: (Econômica, Política, Corrupção). Participantes: (General public.). Duração: '2 months'. Tamanho: 'Thousands'. Resultados comuns: Outcome Significativo."
Rome,ITA,Italy,Risco Elevado,Free,Tens of thousands,1 day,Climate activists.,"Econômica, Política, Corrupção, Gênero","Outcome Significativo, Protesto Longo (>3m), Protesto Grande (>100k)","Cidade: Rome (País: Italy, Nível Liberdade: Free). Tendência: 'Risco Elevado'. Motivações: (Econômica, Política, Corrupção, Gênero). Participantes: (Climate activists.). Duração: '1 day'. Tamanho: 'Tens of thousands'. Resultados comuns: Outcome Significativo, Protesto Longo (>3m), Protesto Grande (>100k)."
Tokyo,JPN,Japan,Risco Elevado,Free,Hundreds,1 day,Cambodians in Japan,Política,Outcome Significativo,"Cidade: Tokyo (País: Japan, Nível Liberdade: Free). Tendência: 'Risco Elevado'. Motivações: (Política). Participantes: (Cambodians in Japan). Duração: '1 day'. Tamanho: 'Hundreds'. Resultados comuns: Outcome Significativo."
Tripoli,LBY,Libya,Risco Médio,Not free,Thousands,1 day,General public,"Econômica, Política, Corrupção","Outcome Significativo, Protesto Grande (>100k)","Cidade: Tripoli (País: Libya, Nível Liberdade: Not free). Tendência: 'Risco Médio'. Motivações: (Econômica, Política, Corrupção). Participantes: (General public). Duração: '1 day'. Tamanho: 'Thousands'. Resultados comuns: Outcome Significativo, Protesto Grande (>100k)."
Ulaanbaatar,MNG,Mongolia,Risco Médio,Free,Thousands,3 weeks,General public.,"Econômica, Política, Corrupção","Outcome Significativo, Resposta Gov. Violenta","Cidade: Ulaanbaatar (País: Mongolia, Nível Liberdade: Free). Tendência: 'Risco Médio'. Motivações: (Econômica, Política, Corrupção). Participantes: (General public.). Duração: '3 weeks'. Tamanho: 'Thousands'. Resultados comuns: Outcome Significativo, Resposta Gov. Violenta."
Budapest,HUN,Hungary,Risco Muito Elevado,Partly free,Thousands,1 day,General public,"Econômica, Política, Corrupção, Gênero","Outcome Significativo, Protesto Longo (>3m), Protesto Grande (>100k)","Cidade: Budapest (País: Hungary, Nível Liberdade: Partly free). Tendência: 'Risco Muito Elevado'. Motivações: (Econômica, Política, Corrupção, Gênero). Participantes: (General public). Duração: '1 day'. Tamanho: 'Thousands'. Resultados comuns: Outcome Significativo, Protesto Longo (>3m), Protesto Grande (>100k)."
Bamako,MLI,Mali,Risco Médio,Not free,Hundreds,1 day,Civil society.,"Econômica, Política","Outcome Significativo, Resposta Gov. Violenta, Protesto Grande (>100k)","Cidade: Bamako (País: Mali, Nível Liberdade: Not free). Tendência: 'Risco Médio'. Motivações: (Econômica, Política). Participantes: (Civil society.). Duração: '1 day'. Tamanho: 'Hundreds'. Resultados comuns: Outcome Significativo, Resposta Gov. Violenta, Protesto Grande (>100k)."
Ankara,,Turkey,Risco Elevado,Not free,Thousands,1 day,Women.,"Econômica, Política, Corrupção, Gênero","Outcome Significativo, Resposta Gov. Violenta, Protesto Grande (>100k)","Cidade: Ankara (País: Turkey, Nível Liberdade: Not free). Tendência: 'Risco Elevado'. Motivações: (Econômica, Política, Corrupção, Gênero). Participantes: (Women.). Duração: '1 day'. Tamanho: 'Thousands'. Resultados comuns: Outcome Significativo, Resposta Gov. Violenta, Protesto Grande (>100k)."
Paris,FRA,France,Risco Muito Elevado,Free,Thousands,1 day,General public.,"Econômica, Política, Corrupção, Gênero","Outcome Significativo, Resposta Gov. Violenta, Protesto Longo (>3m), Protesto Grande (>100k)","Cidade: Paris (País: France, Nível Liberdade: Free). Tendência: 'Risco Muito Elevado'. Motivações: (Econômica, Política, Corrupção, Gênero). Participantes: (General public.). Duração: '1 day'. Tamanho: 'Thousands'. Resultados comuns: Outcome Significativo, Resposta Gov. Violenta, Protesto Longo (>3m), Protesto Grande (>100k)."
Nicosia,CYP,Cyprus,Risco Médio,Free,Hundreds,1 day,General public,"Política, Corrupção",Não especificado,"Cidade: Nicosia (País: Cyprus, Nível Liberdade: Free). Tendência: 'Risco Médio'. Motivações: (Política, Corrupção). Participantes: (General public). Duração: '1 day'. Tamanho: 'Hundreds'. Resultados comuns: Não especificado."
Berlin,DEU,Germany,Risco Elevado,Free,Tens of thousands,1 day,General public,"Econômica, Política, Gênero","Outcome Significativo, Resposta Gov. Violenta, Protesto Longo (>3m), Protesto Grande (>100k)","Cidade: Berlin (País: Germany, Nível Liberdade: Free). Tendência: 'Risco Elevado'. Motivações: (Econômica, Política, Gênero). Participantes: (General public). Duração: '1 day'. Tamanho: 'Tens of thousands'. Resultados comuns: Outcome Significativo, Resposta Gov. Violenta, Protesto Longo (>3m), Protesto Grande (>100k)."
Santiago,CHL,Chile,Risco Médio,Free,Thousands,1 day,"Students, young people, professionals, civil society groups.","Econômica, Política, Corrupção","Outcome Significativo, Resposta Gov. Violenta, Protesto Longo (>3m), Protesto Grande (>100k)","Cidade: Santiago (País: Chile, Nível Liberdade: Free). Tendência: 'Risco Médio'. Motivações: (Econômica, Política, Corrupção). Participantes: (Students, young people, professionals, civil society groups.). Duração: '1 day'. Tamanho: 'Thousands'. Resultados comuns: Outcome Significativo, Resposta Gov. Violenta, Protesto Longo (>3m), Protesto Grande (>100k)."
Athens,GRC,Greece,Risco Elevado,Free,Thousands,1 day,General public.,"Econômica, Política","Outcome Significativo, Resposta Gov. Violenta, Protesto Grande (>100k)","Cidade: Athens (País: Greece, Nível Liberdade: Free). Tendência: 'Risco Elevado'. Motivações: (Econômica, Política). Participantes: (General public.). Duração: '1 day'. Tamanho: 'Thousands'. Resultados comuns: Outcome Significativo, Resposta Gov. Violenta, Protesto Grande (>100k)."
Taipei,TWN,Taiwan,Risco Médio,Free,Tens of thousands,2 weeks,"Activist groups, general public.","Política, Corrupção",Outcome Significativo,"Cidade: Taipei (País: Taiwan, Nível Liberdade: Free). Tendência: 'Risco Médio'. Motivações: (Política, Corrupção). Participantes: (Activist groups, general public.). Duração: '2 weeks'. Tamanho: 'Tens of thousands'. Resultados comuns: Outcome Significativo."
Bangui,CAF,Central African Republic,Risco Médio,Not free,Thousands,1 day,General public,Política,Não especificado,"Cidade: Bangui (País: Central African Republic, Nível Liberdade: Not free). Tendência: 'Risco Médio'. Motivações: (Política). Participantes: (General public). Duração: '1 day'. Tamanho: 'Thousands'. Resultados comuns: Não especificado."
Bratislava,SVK,Slovakia,Risco Elevado,Free,Thousands,1 day,General public.,"Econômica, Política, Corrupção","Outcome Significativo, Protesto Longo (>3m)","Cidade: Bratislava (País: Slovakia, Nível Liberdade: Free). Tendência: 'Risco Elevado'. Motivações: (Econômica, Política, Corrupção). Participantes: (General public.). Duração: '1 day'. Tamanho: 'Thousands'. Resultados comuns: Outcome Significativo, Protesto Longo (>3m)."
London,GBR,United Kingdom,Risco Elevado,Free,Thousands,1 day,General public.,"Econômica, Política, Gênero","Outcome Significativo, Protesto Longo (>3m)","Cidade: London (País: United Kingdom, Nível Liberdade: Free). Tendência: 'Risco Elevado'. Motivações: (Econômica, Política, Gênero). Participantes: (General public.). Duração: '1 day'. Tamanho: 'Thousands'. Resultados comuns: Outcome Significativo, Protesto Longo (>3m)."
"Washington, DC",USA,United States,Risco Muito Elevado,Free,Thousands,1 day,General public,"Econômica, Política, Gênero",Protesto Grande (>100k),"Cidade: Washington, DC (País: United States, Nível Liberdade: Free). Tendência: 'Risco Muito Elevado'. Motivações: (Econômica, Política, Gênero). Participantes: (General public). Duração: '1 day'. Tamanho: 'Thousands'. Resultados comuns: Protesto Grande (>100k)."
Jerusalem,ISR,Israel,Risco Elevado,Free,Tens of thousands,3 weeks,General public.,"Política, Corrupção","Outcome Significativo, Resposta Gov. Violenta, Protesto Longo (>3m), Protesto Grande (>100k)","Cidade: Jerusalem (País: Israel, Nível Liberdade: Free). Tendência: 'Risco Elevado'. Motivações: (Política, Corrupção). Participantes: (General public.). Duração: '3 weeks'. Tamanho: 'Tens of thousands'. Resultados comuns: Outcome Significativo, Resposta Gov. Violenta, Protesto Longo (>3m), Protesto Grande (>100k)."
Port-au-Prince,HTI,Haiti,Risco Médio,Not free,Thousands,1 day,General public.,"Econômica, Política, Corrupção","Resposta Gov. Violenta, Protesto Longo (>3m)","Cidade: Port-au-Prince (País: Haiti, Nível Liberdade: Not free). Tendência: 'Risco Médio'. Motivações: (Econômica, Política, Corrupção). Participantes: (General public.). Duração: '1 day'. Tamanho: 'Thousands'. Resultados comuns: Resposta Gov. Violenta, Protesto Longo (>3m)."
Sana'a,YEM,Yemen,Risco Médio,Not free,Hundreds,1 month,Followers of the Houthi movement.,"Econômica, Política",Resposta Gov. Violenta,"Cidade: Sana'a (País: Yemen, Nível Liberdade: Not free). Tendência: 'Risco Médio'. Motivações: (Econômica, Política). Participantes: (Followers of the Houthi movement.). Duração: '1 month'. Tamanho: 'Hundreds'. Resultados comuns: Resposta Gov. Violenta."
Skopje,MKD,North Macedonia,Risco Médio,Partly free,Thousands,1 day,General public,"Política, Corrupção",Outcome Significativo,"Cidade: Skopje (País: North Macedonia, Nível Liberdade: Partly free). Tendência: 'Risco Médio'. Motivações: (Política, Corrupção). Participantes: (General public). Duração: '1 day'. Tamanho: 'Thousands'. Resultados comuns: Outcome Significativo."
Mexico City,MEX,Mexico,Risco Elevado,Partly free,Thousands,1 day,General public,"Econômica, Política, Gênero","Outcome Significativo, Resposta Gov. Violenta, Protesto Longo (>3m), Protesto Grande (>100k)","Cidade: Mexico City (País: Mexico, Nível Liberdade: Partly free). Tendência: 'Risco Elevado'. Motivações: (Econômica, Política, Gênero). Participantes: (General public). Duração: '1 day'. Tamanho: 'Thousands'. Resultados comuns: Outcome Significativo, Resposta Gov. Violenta, Protesto Longo (>3m), Protesto Grande (>100k)."
Brasilia,BRA,Brazil,Risco Médio,Free,Thousands,1 day; 1 day in April 2025,General public.,"Econômica, Política, Corrupção","Outcome Significativo, Resposta Gov. Violenta","Cidade: Brasilia (País: Brazil, Nível Liberdade: Free). Tendência: 'Risco Médio'. Motivações: (Econômica, Política, Corrupção). Participantes: (General public.). Duração: '1 day; 1 day in April 2025'. Tamanho: 'Thousands'. Resultados comuns: Outcome Significativo, Resposta Gov. Violenta."
Tirana,ALB,Albania,Risco Médio,Partly free,Thousands,1 week,General public.,"Econômica, Política, Corrupção","Outcome Significativo, Resposta Gov. Violenta, Protesto Longo (>3m)","Cidade: Tirana (País: Albania, Nível Liberdade: Partly free). Tendência: 'Risco Médio'. Motivações: (Econômica, Política, Corrupção). Participantes: (General public.). Duração: '1 week'. Tamanho: 'Thousands'. Resultados comuns: Outcome Significativo, Resposta Gov. Violenta, Protesto Longo (>3m)."
Manila,PHL,Philippines,Sem Dados,Partly Free,Thousands,1 day,Duterte's critics,"Política, Corrupção","Outcome Significativo, Protesto Grande (>100k)","Cidade: Manila (País: Philippines, Nível Liberdade: Partly Free). Tendência: 'Sem Dados'. Motivações: (Política, Corrupção). Participantes: (Duterte's critics). Duração: '1 day'. Tamanho: 'Thousands'. Resultados comuns: Outcome Significativo, Protesto Grande (>100k)."
Kathmandu,NPL,Nepal,Risco Médio,Partly free,Tens of thousands,1 day,General public.,Política,Resposta Gov. Violenta,"Cidade: Kathmandu (País: Nepal, Nível Liberdade: Partly free). Tendência: 'Risco Médio'. Motivações: (Política). Participantes: (General public.). Duração: '1 day'. Tamanho: 'Tens of thousands'. Resultados comuns: Resposta Gov. Violenta."
Istanbul,TUR,Türkiye,Sem Dados,Not Free,Thousands,1 day,Women,Gênero,Não especificado,"Cidade: Istanbul (País: Türkiye, Nível Liberdade: Not Free). Tendência: 'Sem Dados'. Motivações: (Gênero). Participantes: (Women). Duração: '1 day'. Tamanho: 'Thousands'. Resultados comuns: Não especificado."
Vienna,AUT,Austria,Risco Médio,Free,Tens of thousands,1 day,Farmers,"Econômica, Política",Protesto Longo (>3m),"Cidade: Vienna (País: Austria, Nível Liberdade: Free). Tendência: 'Risco Médio'. Motivações: (Econômica, Política). Participantes: (Farmers). Duração: '1 day'. Tamanho: 'Tens of thousands'. Resultados comuns: Protesto Longo (>3m)."
Brussels,BEL,Belgium,Risco Baixo,Free,Tens of thousands,1 day,General public.,"Econômica, Política","Outcome Significativo, Resposta Gov. Violenta, Protesto Longo (>3m)","Cidade: Brussels (País: Belgium, Nível Liberdade: Free). Tendência: 'Risco Baixo'. Motivações: (Econômica, Política). Participantes: (General public.). Duração: '1 day'. Tamanho: 'Tens of thousands'. Resultados comuns: Outcome Significativo, Resposta Gov. Violenta, Protesto Longo (>3m)."
Sarajevo,BIH,Bosnia and Herzegovina,Risco Elevado,Partly free,Thousands,1 day,Bosnian Serbs.,"Política, Corrupção, Gênero","Protesto Longo (>3m), Protesto Grande (>100k)","Cidade: Sarajevo (País: Bosnia and Herzegovina, Nível Liberdade: Partly free). Tendência: 'Risco Elevado'. Motivações: (Política, Corrupção, Gênero). Participantes: (Bosnian Serbs.). Duração: '1 day'. Tamanho: 'Thousands'. Resultados comuns: Protesto Longo (>3m), Protesto Grande (>100k)."
Islamabad,PAK,Pakistan,Risco Muito Elevado,Partly free,Thousands,1 month,General public.,"Econômica, Política, Corrupção","Outcome Significativo, Resposta Gov. Violenta, Protesto Longo (>3m)","Cidade: Islamabad (País: Pakistan, Nível Liberdade: Partly free). Tendência: 'Risco Muito Elevado'. Motivações: (Econômica, Política, Corrupção). Participantes: (General public.). Duração: '1 month'. Tamanho: 'Thousands'. Resultados comuns: Outcome Significativo, Resposta Gov. Violenta, Protesto Longo (>3m)."
Sydney,AUS,Australia,Sem Dados,Free,Tens of thousands,1 day,"Indigenous activists, general public",Política,Não especificado,"Cidade: Sydney (País: Australia, Nível Liberdade: Free). Tendência: 'Sem Dados'. Motivações: (Política). Participantes: (Indigenous activists, general public). Duração: '1 day'. Tamanho: 'Tens of thousands'. Resultados comuns: Não especificado."
Phnom Penh,KHM,Cambodia,Sem Dados,Not Free,Hundreds,1 day,Farmers in Takeo,Econômica,Outcome Significativo,"Cidade: Phnom Penh (País: Cambodia, Nível Liberdade: Not Free). Tendência: 'Sem Dados'. Motivações: (Econômica). Participantes: (Farmers in Takeo). Duração: '1 day'. Tamanho: 'Hundreds'. Resultados comuns: Outcome Significativo."
Juba,SSD,South Sudan,Sem Dados,Not Free,Hundreds,1 day,Youth,Política,Não especificado,"Cidade: Juba (País: South Sudan, Nível Liberdade: Not Free). Tendência: 'Sem Dados'. Motivações: (Política). Participantes: (Youth). Duração: '1 day'. Tamanho: 'Hundreds'. Resultados comuns: Não especificado."
Kinshasa,,Democratic Republic of the Congo,Risco Elevado,Not free,Tens of thousands,1 day,General public,"Econômica, Política","Outcome Significativo, Resposta Gov. Violenta","Cidade: Kinshasa (País: Democratic Republic of the Congo, Nível Liberdade: Not free). Tendência: 'Risco Elevado'. Motivações: (Econômica, Política). Participantes: (General public). Duração: '1 day'. Tamanho: 'Tens of thousands'. Resultados comuns: Outcome Significativo, Resposta Gov. Violenta."
Conakry,GIN,Guinea,Risco Médio,Partly free,Hundreds,1 month,"Coalition of politicians, activists.","Econômica, Política, Corrupção","Outcome Significativo, Resposta Gov. Violenta, Protesto Longo (>3m), Protesto Grande (>100k)","Cidade: Conakry (País: Guinea, Nível Liberdade: Partly free). Tendência: 'Risco Médio'. Motivações: (Econômica, Política, Corrupção). Participantes: (Coalition of politicians, activists.). Duração: '1 month'. Tamanho: 'Hundreds'. Resultados comuns: Outcome Significativo, Resposta Gov. Violenta, Protesto Longo (>3m), Protesto Grande (>100k)."
Podgorica,MNE,Montenegro,Risco Baixo,Partly free,Thousands,1 day,General public.,Política,"Outcome Significativo, Protesto Longo (>3m), Protesto Grande (>100k)","Cidade: Podgorica (País: Montenegro, Nível Liberdade: Partly free). Tendência: 'Risco Baixo'. Motivações: (Política). Participantes: (General public.). Duração: '1 day'. Tamanho: 'Thousands'. Resultados comuns: Outcome Significativo, Protesto Longo (>3m), Protesto Grande (>100k)."
Quito,ECU,Ecuador,Risco Elevado,Free,Thousands,2 weeks,"General public, especially Indigenous groups.","Econômica, Política, Gênero","Outcome Significativo, Resposta Gov. Violenta","Cidade: Quito (País: Ecuador, Nível Liberdade: Free). Tendência: 'Risco Elevado'. Motivações: (Econômica, Política, Gênero). Participantes: (General public, especially Indigenous groups.). Duração: '2 weeks'. Tamanho: 'Thousands'. Resultados comuns: Outcome Significativo, Resposta Gov. Violenta."
Seoul,KOR,South Korea,Risco Muito Elevado,Free,Thousands,1 day,"Anti-Cho protesters: evangelical Christian activists, conservatives, older citizens; pro-Cho protesters: younger, urban, white-collar workers.","Econômica, Política, Corrupção","Outcome Significativo, Protesto Longo (>3m), Protesto Grande (>100k)","Cidade: Seoul (País: South Korea, Nível Liberdade: Free). Tendência: 'Risco Muito Elevado'. Motivações: (Econômica, Política, Corrupção). Participantes: (Anti-Cho protesters: evangelical Christian activists, conservatives, older citizens; pro-Cho protesters: younger, urban, white-collar workers.). Duração: '1 day'. Tamanho: 'Thousands'. Resultados comuns: Outcome Significativo, Protesto Longo (>3m), Protesto Grande (>100k)."
Beijing,CHN,China,Risco Elevado,Not free,Thousands,1 week,General public,"Econômica, Política",Outcome Significativo,"Cidade: Beijing (País: China, Nível Liberdade: Not free). Tendência: 'Risco Elevado'. Motivações: (Econômica, Política). Participantes: (General public). Duração: '1 week'. Tamanho: 'Thousands'. Resultados comuns: Outcome Significativo."
N'Djamena,TCD,Chad,Risco Médio,Not free,Thousands,1 week,General public.,Política,"Outcome Significativo, Resposta Gov. Violenta, Protesto Longo (>3m)","Cidade: N'Djamena (País: Chad, Nível Liberdade: Not free). Tendência: 'Risco Médio'. Motivações: (Política). Participantes: (General public.). Duração: '1 week'. Tamanho: 'Thousands'. Resultados comuns: Outcome Significativo, Resposta Gov. Violenta, Protesto Longo (>3m)."
Tbilisi,GEO,Georgia,Risco Elevado,Partly free,Thousands,1 day,General public.,"Econômica, Política, Corrupção","Outcome Significativo, Resposta Gov. Violenta, Protesto Longo (>3m)","Cidade: Tbilisi (País: Georgia, Nível Liberdade: Partly free). Tendência: 'Risco Elevado'. Motivações: (Econômica, Política, Corrupção). Participantes: (General public.). Duração: '1 day'. Tamanho: 'Thousands'. Resultados comuns: Outcome Significativo, Resposta Gov. Violenta, Protesto Longo (>3m)."
South Korea,KOR,South Korea,Sem Dados,Free,Tens of thousands,1 day,Opposition,Política,Não especificado,"Cidade: South Korea (País: South Korea, Nível Liberdade: Free). Tendência: 'Sem Dados'. Motivações: (Política). Participantes: (Opposition). Duração: '1 day'. Tamanho: 'Tens of thousands'. Resultados comuns: Não especificado."
Vilnius,LTU,Lithuania,Sem Dados,Free,Thousands,2 days (November 15 and 18),General public,Política,Não especificado,"Cidade: Vilnius (País: Lithuania, Nível Liberdade: Free). Tendência: 'Sem Dados'. Motivações: (Política). Participantes: (General public). Duração: '2 days (November 15 and 18)'. Tamanho: 'Thousands'. Resultados comuns: Não especificado."
Belgrade,SRB,Serbia,Risco Elevado,Partly free,Hundreds,1 day,General public.,"Econômica, Política, Corrupção","Outcome Significativo, Resposta Gov. Violenta, Protesto Longo (>3m), Protesto Grande (>100k)","Cidade: Belgrade (País: Serbia, Nível Liberdade: Partly free). Tendência: 'Risco Elevado'. Motivações: (Econômica, Política, Corrupção). Participantes: (General public.). Duração: '1 day'. Tamanho: 'Hundreds'. Resultados comuns: Outcome Significativo, Resposta Gov. Violenta, Protesto Longo (>3m), Protesto Grande (>100k)."
Naypyidaw,MMR,Myanmar,Risco Baixo,Not free,Hundreds of thousands,1.5 years,General public.,"Econômica, Política, Corrupção","Outcome Significativo, Resposta Gov. Violenta, Protesto Longo (>3m), Protesto Grande (>100k)","Cidade: Naypyidaw (País: Myanmar, Nível Liberdade: Not free). Tendência: 'Risco Baixo'. Motivações: (Econômica, Política, Corrupção). Participantes: (General public.). Duração: '1.5 years'. Tamanho: 'Hundreds of thousands'. Resultados comuns: Outcome Significativo, Resposta Gov. Violenta, Protesto Longo (>3m), Protesto Grande (>100k)."
Maputo,MOZ,Mozambique,Risco Muito Baixo,Partly free,Thousands,1 month,General public.,"Econômica, Política, Corrupção","Resposta Gov. Violenta, Protesto Longo (>3m)","Cidade: Maputo (País: Mozambique, Nível Liberdade: Partly free). Tendência: 'Risco Muito Baixo'. Motivações: (Econômica, Política, Corrupção). Participantes: (General public.). Duração: '1 month'. Tamanho: 'Thousands'. Resultados comuns: Resposta Gov. Violenta, Protesto Longo (>3m)."
Lisbon,PRT,Portugal,Risco Muito Elevado,Free,Thousands,1 day,General public,"Econômica, Política","Outcome Significativo, Resposta Gov. Violenta, Protesto Longo (>3m)","Cidade: Lisbon (País: Portugal, Nível Liberdade: Free). Tendência: 'Risco Muito Elevado'. Motivações: (Econômica, Política). Participantes: (General public). Duração: '1 day'. Tamanho: 'Thousands'. Resultados comuns: Outcome Significativo, Resposta Gov. Violenta, Protesto Longo (>3m)."
Baghdad,IRQ,Iraq,Risco Elevado,Not free,Hundreds,2 days,Activists,"Econômica, Política, Corrupção","Outcome Significativo, Resposta Gov. Violenta, Protesto Longo (>3m)","Cidade: Baghdad (País: Iraq, Nível Liberdade: Not free). Tendência: 'Risco Elevado'. Motivações: (Econômica, Política, Corrupção). Participantes: (Activists). Duração: '2 days'. Tamanho: 'Hundreds'. Resultados comuns: Outcome Significativo, Resposta Gov. Violenta, Protesto Longo (>3m)."
La Paz,BOL,Bolivia,Risco Médio,Partly free,Thousands,1 week,General public.,"Econômica, Política","Outcome Significativo, Resposta Gov. Violenta, Protesto Longo (>3m)","Cidade: La Paz (País: Bolivia, Nível Liberdade: Partly free). Tendência: 'Risco Médio'. Motivações: (Econômica, Política). Participantes: (General public.). Duração: '1 week'. Tamanho: 'Thousands'. Resultados comuns: Outcome Significativo, Resposta Gov. Violenta, Protesto Longo (>3m)."
Lima,PER,Peru,Risco Elevado,Partly free,Thousands,1 month,General public.,"Econômica, Política, Corrupção","Outcome Significativo, Resposta Gov. Violenta, Protesto Longo (>3m)","Cidade: Lima (País: Peru, Nível Liberdade: Partly free). Tendência: 'Risco Elevado'. Motivações: (Econômica, Política, Corrupção). Participantes: (General public.). Duração: '1 month'. Tamanho: 'Thousands'. Resultados comuns: Outcome Significativo, Resposta Gov. Violenta, Protesto Longo (>3m)."
Accra,GHA,Ghana,Risco Elevado,Free,Hundreds,1 day,"Activist groups (Democracy Hub, FixTheCountry), Catholic parishioners","Econômica, Política, Corrupção",Não especificado,"Cidade: Accra (País: Ghana, Nível Liberdade: Free). Tendência: 'Risco Elevado'. Motivações: (Econômica, Política, Corrupção). Participantes: (Activist groups (Democracy Hub, FixTheCountry), Catholic parishioners). Duração: '1 day'. Tamanho: 'Hundreds'. Resultados comuns: Não especificado."
Warsaw,POL,Poland,Risco Muito Elevado,Free,Thousands,1 day,General public.,"Econômica, Política, Corrupção, Gênero","Outcome Significativo, Protesto Longo (>3m), Protesto Grande (>100k)","Cidade: Warsaw (País: Poland, Nível Liberdade: Free). Tendência: 'Risco Muito Elevado'. Motivações: (Econômica, Política, Corrupção, Gênero). Participantes: (General public.). Duração: '1 day'. Tamanho: 'Thousands'. Resultados comuns: Outcome Significativo, Protesto Longo (>3m), Protesto Grande (>100k)."
Kabul,AFG,Afghanistan,Risco Médio,Not free,Dozens,1 week,Afghan Women's History Transformation Movement,"Econômica, Política, Corrupção, Gênero","Outcome Significativo, Protesto Grande (>100k)","Cidade: Kabul (País: Afghanistan, Nível Liberdade: Not free). Tendência: 'Risco Médio'. Motivações: (Econômica, Política, Corrupção, Gênero). Participantes: (Afghan Women's History Transformation Movement). Duração: '1 week'. Tamanho: 'Dozens'. Resultados comuns: Outcome Significativo, Protesto Grande (>100k)."
Canberra,AUS,Australia,Risco Médio,Free,Thousands,1 day,General public.,"Econômica, Política, Corrupção, Gênero","Outcome Significativo, Resposta Gov. Violenta, Protesto Longo (>3m)","Cidade: Canberra (País: Australia, Nível Liberdade: Free). Tendência: 'Risco Médio'. Motivações: (Econômica, Política, Corrupção, Gênero). Participantes: (General public.). Duração: '1 day'. Tamanho: 'Thousands'. Resultados comuns: Outcome Significativo, Resposta Gov. Violenta, Protesto Longo (>3m)."
Gaborone,BWA,Botswana,Sem Dados,Free,Thousands,1 day,"Opposition, civil society groups",Política,Outcome Significativo,"Cidade: Gaborone (País: Botswana, Nível Liberdade: Free). Tendência: 'Sem Dados'. Motivações: (Política). Participantes: (Opposition, civil society groups). Duração: '1 day'. Tamanho: 'Thousands'. Resultados comuns: Outcome Significativo."
Dodoma,TZA,Tanzania,Sem Dados,Partly Free,Hundreds,1 day,"Maasai people in Ngorongoro, Tanzania",Política,Outcome Significativo,"Cidade: Dodoma (País: Tanzania, Nível Liberdade: Partly Free). Tendência: 'Sem Dados'. Motivações: (Política). Participantes: (Maasai people in Ngorongoro, Tanzania). Duração: '1 day'. Tamanho: 'Hundreds'. Resultados comuns: Outcome Significativo."
Pristina,SRB,Kosovo,Risco Médio,Partly free,Hundreds,1 day,Ethnic Serbs in Kosovo.,"Econômica, Política, Gênero","Outcome Significativo, Protesto Longo (>3m)","Cidade: Pristina (País: Kosovo, Nível Liberdade: Partly free). Tendência: 'Risco Médio'. Motivações: (Econômica, Política, Gênero). Participantes: (Ethnic Serbs in Kosovo.). Duração: '1 day'. Tamanho: 'Hundreds'. Resultados comuns: Outcome Significativo, Protesto Longo (>3m)."
Abuja,NGA,Nigeria,Risco Elevado,Partly free,Thousands,1 day,General public.,"Econômica, Política","Outcome Significativo, Resposta Gov. Violenta, Protesto Grande (>100k)","Cidade: Abuja (País: Nigeria, Nível Liberdade: Partly free). Tendência: 'Risco Elevado'. Motivações: (Econômica, Política). Participantes: (General public.). Duração: '1 day'. Tamanho: 'Thousands'. Resultados comuns: Outcome Significativo, Resposta Gov. Violenta, Protesto Grande (>100k)."
Caracas,VEN,Venezuela,Risco Médio,Not free,Thousands,1 month; 1 day in January 2025,"General public, especially those outside of the capital.","Econômica, Política, Corrupção","Resposta Gov. Violenta, Protesto Longo (>3m)","Cidade: Caracas (País: Venezuela, Nível Liberdade: Not free). Tendência: 'Risco Médio'. Motivações: (Econômica, Política, Corrupção). Participantes: (General public, especially those outside of the capital.). Duração: '1 month; 1 day in January 2025'. Tamanho: 'Thousands'. Resultados comuns: Resposta Gov. Violenta, Protesto Longo (>3m)."
Nouakchott,MRT,Mauritania,Risco Médio,Partly Free,Hundreds,1 week,"Opposition, general public","Econômica, Política, Corrupção",Resposta Gov. Violenta,"Cidade: Nouakchott (País: Mauritania, Nível Liberdade: Partly Free). Tendência: 'Risco Médio'. Motivações: (Econômica, Política, Corrupção). Participantes: (Opposition, general public). Duração: '1 week'. Tamanho: 'Hundreds'. Resultados comuns: Resposta Gov. Violenta."
Kampala,UGA,Uganda,Risco Médio,Not free,Thousands,1 week,General public.,"Econômica, Política, Corrupção","Outcome Significativo, Resposta Gov. Violenta","Cidade: Kampala (País: Uganda, Nível Liberdade: Not free). Tendência: 'Risco Médio'. Motivações: (Econômica, Política, Corrupção). Participantes: (General public.). Duração: '1 week'. Tamanho: 'Thousands'. Resultados comuns: Outcome Significativo, Resposta Gov. Violenta."
Moscow,RUS,Russia,Risco Elevado,Not free,Thousands,1 day,General public.,"Econômica, Política, Corrupção","Outcome Significativo, Resposta Gov. Violenta, Protesto Longo (>3m), Protesto Grande (>100k)","Cidade: Moscow (País: Russia, Nível Liberdade: Not free). Tendência: 'Risco Elevado'. Motivações: (Econômica, Política, Corrupção). Participantes: (General public.). Duração: '1 day'. Tamanho: 'Thousands'. Resultados comuns: Outcome Significativo, Resposta Gov. Violenta, Protesto Longo (>3m), Protesto Grande (>100k)."
Bern,CHE,Switzerland,Risco Médio,Free,Tens of thousands,1 day,General public.,"Econômica, Política, Gênero","Outcome Significativo, Protesto Longo (>3m)","Cidade: Bern (País: Switzerland, Nível Liberdade: Free). Tendência: 'Risco Médio'. Motivações: (Econômica, Política, Gênero). Participantes: (General public.). Duração: '1 day'. Tamanho: 'Tens of thousands'. Resultados comuns: Outcome Significativo, Protesto Longo (>3m)."
Banjul,GMB,Gambia,Risco Médio,Partly free,Tens of thousands,1 day in March 2024; 1 day on July 2024,General public.,"Econômica, Política, Corrupção, Gênero","Outcome Significativo, Resposta Gov. Violenta","Cidade: Banjul (País: Gambia, Nível Liberdade: Partly free). Tendência: 'Risco Médio'. Motivações: (Econômica, Política, Corrupção, Gênero). Participantes: (General public.). Duração: '1 day in March 2024; 1 day on July 2024'. Tamanho: 'Tens of thousands'. Resultados comuns: Outcome Significativo, Resposta Gov. Violenta."
Wellington,NZL,New Zealand,Risco Médio,Free,Tens of thousands,1 day,Farmers.,"Econômica, Política","Outcome Significativo, Protesto Longo (>3m)","Cidade: Wellington (País: New Zealand, Nível Liberdade: Free). Tendência: 'Risco Médio'. Motivações: (Econômica, Política). Participantes: (Farmers.). Duração: '1 day'. Tamanho: 'Tens of thousands'. Resultados comuns: Outcome Significativo, Protesto Longo (>3m)."
Amman,JOR,Jordan,Risco Médio,Not free,Hundreds,1 month,"General public, especially teachers.","Econômica, Política",Resposta Gov. Violenta,"Cidade: Amman (País: Jordan, Nível Liberdade: Not free). Tendência: 'Risco Médio'. Motivações: (Econômica, Política). Participantes: (General public, especially teachers.). Duração: '1 month'. Tamanho: 'Hundreds'. Resultados comuns: Resposta Gov. Violenta."
Niamey,NGA,Niger,Risco Elevado,Partly free,Hundreds,1 day,General public,"Econômica, Política, Corrupção","Outcome Significativo, Resposta Gov. Violenta, Protesto Longo (>3m), Protesto Grande (>100k)","Cidade: Niamey (País: Niger, Nível Liberdade: Partly free). Tendência: 'Risco Elevado'. Motivações: (Econômica, Política, Corrupção). Participantes: (General public). Duração: '1 day'. Tamanho: 'Hundreds'. Resultados comuns: Outcome Significativo, Resposta Gov. Violenta, Protesto Longo (>3m), Protesto Grande (>100k)."
Yerevan,ARM,Armenia,Risco Elevado,Partly free,Thousands,1 month,Coalition of seventeen opposition parties and their adherents.,"Política, Corrupção","Outcome Significativo, Resposta Gov. Violenta, Protesto Longo (>3m)","Cidade: Yerevan (País: Armenia, Nível Liberdade: Partly free). Tendência: 'Risco Elevado'. Motivações: (Política, Corrupção). Participantes: (Coalition of seventeen opposition parties and their adherents.). Duração: '1 month'. Tamanho: 'Thousands'. Resultados comuns: Outcome Significativo, Resposta Gov. Violenta, Protesto Longo (>3m)."
Guatemala City,GTM,Guatemala,Risco Elevado,Partly free,Thousands,1 month,"General public, especially indigenous and student groups.","Política, Corrupção","Outcome Significativo, Protesto Longo (>3m)","Cidade: Guatemala City (País: Guatemala, Nível Liberdade: Partly free). Tendência: 'Risco Elevado'. Motivações: (Política, Corrupção). Participantes: (General public, especially indigenous and student groups.). Duração: '1 month'. Tamanho: 'Thousands'. Resultados comuns: Outcome Significativo, Protesto Longo (>3m)."
Porto-Novo,BEN,Benin,Risco Médio,Partly free,Hundreds,1 day,General public.,"Econômica, Política, Corrupção","Resposta Gov. Violenta, Protesto Longo (>3m), Protesto Grande (>100k)","Cidade: Porto-Novo (País: Benin, Nível Liberdade: Partly free). Tendência: 'Risco Médio'. Motivações: (Econômica, Política, Corrupção). Participantes: (General public.). Duração: '1 day'. Tamanho: 'Hundreds'. Resultados comuns: Resposta Gov. Violenta, Protesto Longo (>3m), Protesto Grande (>100k)."
Havana,CUB,Cuba,Risco Baixo,Not free,Hundreds,1 month,General public.,"Econômica, Política",Resposta Gov. Violenta,"Cidade: Havana (País: Cuba, Nível Liberdade: Not free). Tendência: 'Risco Baixo'. Motivações: (Econômica, Política). Participantes: (General public.). Duração: '1 month'. Tamanho: 'Hundreds'. Resultados comuns: Resposta Gov. Violenta."
Dakar,SEN,Senegal,Risco Médio,Partly free,Thousands,1 month,General public.,Política,"Outcome Significativo, Resposta Gov. Violenta, Protesto Longo (>3m)","Cidade: Dakar (País: Senegal, Nível Liberdade: Partly free). Tendência: 'Risco Médio'. Motivações: (Política). Participantes: (General public.). Duração: '1 month'. Tamanho: 'Thousands'. Resultados comuns: Outcome Significativo, Resposta Gov. Violenta, Protesto Longo (>3m)."
Helsinki,FIN,Finland,Sem Dados,Free,Hundreds of thousands,1 day in December 2023; active February 2024 through April 2024,"Public transit workers, unions",Econômica,Protesto Grande (>100k),"Cidade: Helsinki (País: Finland, Nível Liberdade: Free). Tendência: 'Sem Dados'. Motivações: (Econômica). Participantes: (Public transit workers, unions). Duração: '1 day in December 2023; active February 2024 through April 2024'. Tamanho: 'Hundreds of thousands'. Resultados comuns: Protesto Grande (>100k)."
Amsterdam,NLD,Netherlands,Risco Muito Elevado,Free,Tens of thousands,1 day,"Climate Crisis Coalition, Fridays for Future, doctors and medical professionals.","Econômica, Política","Outcome Significativo, Resposta Gov. Violenta, Protesto Longo (>3m)","Cidade: Amsterdam (País: Netherlands, Nível Liberdade: Free). Tendência: 'Risco Muito Elevado'. Motivações: (Econômica, Política). Participantes: (Climate Crisis Coalition, Fridays for Future, doctors and medical professionals.). Duração: '1 day'. Tamanho: 'Tens of thousands'. Resultados comuns: Outcome Significativo, Resposta Gov. Violenta, Protesto Longo (>3m)."
Prague,CZE,Czech Republic,Risco Elevado,Free,Thousands,1 day,General public.,"Econômica, Política","Outcome Significativo, Protesto Longo (>3m)","Cidade: Prague (País: Czech Republic, Nível Liberdade: Free). Tendência: 'Risco Elevado'. Motivações: (Econômica, Política). Participantes: (General public.). Duração: '1 day'. Tamanho: 'Thousands'. Resultados comuns: Outcome Significativo, Protesto Longo (>3m)."
Valletta,MLT,Malta,Risco Médio,Free,Tens of thousands,1 day,Farmers,"Econômica, Política",Outcome Significativo,"Cidade: Valletta (País: Malta, Nível Liberdade: Free). Tendência: 'Risco Médio'. Motivações: (Econômica, Política). Participantes: (Farmers). Duração: '1 day'. Tamanho: 'Tens of thousands'. Resultados comuns: Outcome Significativo."
Bishkek,KGZ,Kyrgyzstan,Risco Elevado,Not free,Hundreds,1 day,General public.,"Econômica, Política, Corrupção, Gênero",Outcome Significativo,"Cidade: Bishkek (País: Kyrgyzstan, Nível Liberdade: Not free). Tendência: 'Risco Elevado'. Motivações: (Econômica, Política, Corrupção, Gênero). Participantes: (General public.). Duração: '1 day'. Tamanho: 'Hundreds'. Resultados comuns: Outcome Significativo."
Astana,KAZ,Kazakhstan,Sem Dados,Not free,Dozens,1 day,"Ethnic Kazakhs, Muslims, relatives of those detained in Xinjiang",Política,Não especificado,"Cidade: Astana (País: Kazakhstan, Nível Liberdade: Not free). Tendência: 'Sem Dados'. Motivações: (Política). Participantes: (Ethnic Kazakhs, Muslims, relatives of those detained in Xinjiang). Duração: '1 day'. Tamanho: 'Dozens'. Resultados comuns: Não especificado."
Zagreb,HRV,Croatia,Risco Médio,Free,Tens of thousands,1 day,"General public, especially antivaccine advocates.","Econômica, Política, Corrupção, Gênero","Resposta Gov. Violenta, Protesto Longo (>3m)","Cidade: Zagreb (País: Croatia, Nível Liberdade: Free). Tendência: 'Risco Médio'. Motivações: (Econômica, Política, Corrupção, Gênero). Participantes: (General public, especially antivaccine advocates.). Duração: '1 day'. Tamanho: 'Tens of thousands'. Resultados comuns: Resposta Gov. Violenta, Protesto Longo (>3m)."
Colombo,LKA,Sri Lanka,Risco Elevado,Partly free,Thousands,1 week,General public.,"Econômica, Política, Corrupção","Outcome Significativo, Resposta Gov. Violenta, Protesto Longo (>3m)","Cidade: Colombo (País: Sri Lanka, Nível Liberdade: Partly free). Tendência: 'Risco Elevado'. Motivações: (Econômica, Política, Corrupção). Participantes: (General public.). Duração: '1 week'. Tamanho: 'Thousands'. Resultados comuns: Outcome Significativo, Resposta Gov. Violenta, Protesto Longo (>3m)."
Mogadishu,SOM,Somalia,Risco Médio,Not free,Hundreds,1 week,General public.,"Econômica, Política, Corrupção",Resposta Gov. Violenta,"Cidade: Mogadishu (País: Somalia, Nível Liberdade: Not free). Tendência: 'Risco Médio'. Motivações: (Econômica, Política, Corrupção). Participantes: (General public.). Duração: '1 week'. Tamanho: 'Hundreds'. Resultados comuns: Resposta Gov. Violenta."
Moroni,COM,Comoros,Risco Baixo,Partly free,Hundreds of thousands,1 week,General public.,"Econômica, Política","Outcome Significativo, Resposta Gov. Violenta, Protesto Longo (>3m), Protesto Grande (>100k)","Cidade: Moroni (País: Comoros, Nível Liberdade: Partly free). Tendência: 'Risco Baixo'. Motivações: (Econômica, Política). Participantes: (General public.). Duração: '1 week'. Tamanho: 'Hundreds of thousands'. Resultados comuns: Outcome Significativo, Resposta Gov. Violenta, Protesto Longo (>3m), Protesto Grande (>100k)."
Port Moresby,PNG,Papua New Guinea,Sem Dados,Partly free,Thousands,1 day,"Police officers, public servants",Econômica,Resposta Gov. Violenta,"Cidade: Port Moresby (País: Papua New Guinea, Nível Liberdade: Partly free). Tendência: 'Sem Dados'. Motivações: (Econômica). Participantes: (Police officers, public servants). Duração: '1 day'. Tamanho: 'Thousands'. Resultados comuns: Resposta Gov. Violenta."
Tiraspol,,Transnistria,Sem Dados,Not free,Hundreds,1 day,Residents of Transnistria,"Econômica, Política",Não especificado,"Cidade: Tiraspol (País: Transnistria, Nível Liberdade: Not free). Tendência: 'Sem Dados'. Motivações: (Econômica, Política). Participantes: (Residents of Transnistria). Duração: '1 day'. Tamanho: 'Hundreds'. Resultados comuns: Não especificado."
Ottawa,CAN,Canada,Risco Médio,Free,Thousands,1 month,Education workers,"Econômica, Política, Corrupção","Outcome Significativo, Resposta Gov. Violenta","Cidade: Ottawa (País: Canada, Nível Liberdade: Free). Tendência: 'Risco Médio'. Motivações: (Econômica, Política, Corrupção). Participantes: (Education workers). Duração: '1 month'. Tamanho: 'Thousands'. Resultados comuns: Outcome Significativo, Resposta Gov. Violenta."
Bogota,COL,Colombia,Risco Médio,Partly free,Thousands,1 day,General public.,"Econômica, Política","Outcome Significativo, Resposta Gov. Violenta, Protesto Longo (>3m)","Cidade: Bogota (País: Colombia, Nível Liberdade: Partly free). Tendência: 'Risco Médio'. Motivações: (Econômica, Política). Participantes: (General public.). Duração: '1 day'. Tamanho: 'Thousands'. Resultados comuns: Outcome Significativo, Resposta Gov. Violenta, Protesto Longo (>3m)."
Stockholm,SWE,Sweden,Sem Dados,Free,Hundreds,1 day,Climate activists.,Política,Outcome Significativo,"Cidade: Stockholm (País: Sweden, Nível Liberdade: Free). Tendência: 'Sem Dados'. Motivações: (Política). Participantes: (Climate activists.). Duração: '1 day'. Tamanho: 'Hundreds'. Resultados comuns: Outcome Significativo."
"Washington, D.C.",USA,United States,Risco Elevado,Free,Thousands,1 day,General public.,"Econômica, Política, Gênero","Outcome Significativo, Resposta Gov. Violenta, Protesto Longo (>3m), Protesto Grande (>100k)","Cidade: Washington, D.C. (País: United States, Nível Liberdade: Free). Tendência: 'Risco Elevado'. Motivações: (Econômica, Política, Gênero). Participantes: (General public.). Duração: '1 day'. Tamanho: 'Thousands'. Resultados comuns: Outcome Significativo, Resposta Gov. Violenta, Protesto Longo (>3m), Protesto Grande (>100k)."
Papeetee,PYF,French Polynesia,Sem Dados,Free,Hundreds,3 months,"Surfers, Tahiti residents.",Não especificada,Outcome Significativo,"Cidade: Papeetee (País: French Polynesia, Nível Liberdade: Free). Tendência: 'Sem Dados'. Motivações: (Não especificada). Participantes: (Surfers, Tahiti residents.). Duração: '3 months'. Tamanho: 'Hundreds'. Resultados comuns: Outcome Significativo."
Antananarivo,MDG,Madagascar,Risco Médio,Partly free,Hundreds,1 month,"Collectif des 10, members of the opposition.","Econômica, Política, Corrupção","Outcome Significativo, Resposta Gov. Violenta, Protesto Grande (>100k)","Cidade: Antananarivo (País: Madagascar, Nível Liberdade: Partly free). Tendência: 'Risco Médio'. Motivações: (Econômica, Política, Corrupção). Participantes: (Collectif des 10, members of the opposition.). Duração: '1 month'. Tamanho: 'Hundreds'. Resultados comuns: Outcome Significativo, Resposta Gov. Violenta, Protesto Grande (>100k)."
Rabat,MAR,Morocco,Risco Médio,Partly free,Tens of thousands,1 day,General public.,"Econômica, Política, Gênero","Outcome Significativo, Protesto Longo (>3m)","Cidade: Rabat (País: Morocco, Nível Liberdade: Partly free). Tendência: 'Risco Médio'. Motivações: (Econômica, Política, Gênero). Participantes: (General public.). Duração: '1 day'. Tamanho: 'Tens of thousands'. Resultados comuns: Outcome Significativo, Protesto Longo (>3m)."
"Cape Town, Pretoria, Bloemfontein",ZAF,South Africa,Sem Dados,Free,Hundreds,1 day,"Indigenous people, South Africa's First Nation groups",Política,Não especificado,"Cidade: Cape Town, Pretoria, Bloemfontein (País: South Africa, Nível Liberdade: Free). Tendência: 'Sem Dados'. Motivações: (Política). Participantes: (Indigenous people, South Africa's First Nation groups). Duração: '1 day'. Tamanho: 'Hundreds'. Resultados comuns: Não especificado."
Tegucigalpa,HND,Honduras,Risco Médio,Partly free,Thousands,1 day,Opposition members.,"Econômica, Política, Corrupção","Outcome Significativo, Resposta Gov. Violenta","Cidade: Tegucigalpa (País: Honduras, Nível Liberdade: Partly free). Tendência: 'Risco Médio'. Motivações: (Econômica, Política, Corrupção). Participantes: (Opposition members.). Duração: '1 day'. Tamanho: 'Thousands'. Resultados comuns: Outcome Significativo, Resposta Gov. Violenta."
Dublin,,Republic of Ireland,Sem Dados,Free,Hundreds,1 day,"Far-right activists, especially oppone.nts of immigration",Política,Não especificado,"Cidade: Dublin (País: Republic of Ireland, Nível Liberdade: Free). Tendência: 'Sem Dados'. Motivações: (Política). Participantes: (Far-right activists, especially oppone.nts of immigration). Duração: '1 day'. Tamanho: 'Hundreds'. Resultados comuns: Não especificado."
Addis Ababa,ETH,Ethiopia,Risco Médio,Not free,Thousands,1 day,Amharas,"Econômica, Política","Outcome Significativo, Resposta Gov. Violenta, Protesto Grande (>100k)","Cidade: Addis Ababa (País: Ethiopia, Nível Liberdade: Not free). Tendência: 'Risco Médio'. Motivações: (Econômica, Política). Participantes: (Amharas). Duração: '1 day'. Tamanho: 'Thousands'. Resultados comuns: Outcome Significativo, Resposta Gov. Violenta, Protesto Grande (>100k)."
Gaza City,,Gaza Strip,Risco Elevado,Not free,Hundreds,1 day,General public.,"Econômica, Política, Corrupção","Outcome Significativo, Resposta Gov. Violenta, Protesto Longo (>3m), Protesto Grande (>100k)","Cidade: Gaza City (País: Gaza Strip, Nível Liberdade: Not free). Tendência: 'Risco Elevado'. Motivações: (Econômica, Política, Corrupção). Participantes: (General public.). Duração: '1 day'. Tamanho: 'Hundreds'. Resultados comuns: Outcome Significativo, Resposta Gov. Violenta, Protesto Longo (>3m), Protesto Grande (>100k)."
Dak\,SEN,Senegal,Sem Dados,Partly free,Hundreds,1 week,Residents of Dakar's Ngor district.,Política,Outcome Significativo,"Cidade: Dak\ (País: Senegal, Nível Liberdade: Partly free). Tendência: 'Sem Dados'. Motivações: (Política). Participantes: (Residents of Dakar's Ngor district.). Duração: '1 week'. Tamanho: 'Hundreds'. Resultados comuns: Outcome Significativo."
Hong Kong,HKG,Hong Kong,Risco Médio,Partly free,Hundreds,1 day,General public.,"Política, Corrupção","Outcome Significativo, Protesto Grande (>100k)","Cidade: Hong Kong (País: Hong Kong, Nível Liberdade: Partly free). Tendência: 'Risco Médio'. Motivações: (Política, Corrupção). Participantes: (General public.). Duração: '1 day'. Tamanho: 'Hundreds'. Resultados comuns: Outcome Significativo, Protesto Grande (>100k)."
Ljubljana,SVN,Slovenia,Risco Médio,Free,Tens of thousands,1 day,General public.,"Econômica, Política, Corrupção",Protesto Longo (>3m),"Cidade: Ljubljana (País: Slovenia, Nível Liberdade: Free). Tendência: 'Risco Médio'. Motivações: (Econômica, Política, Corrupção). Participantes: (General public.). Duração: '1 day'. Tamanho: 'Tens of thousands'. Resultados comuns: Protesto Longo (>3m)."
Ramallah,,West Bank,Risco Baixo,Not free,Thousands,1 day,General public.,"Econômica, Política","Outcome Significativo, Resposta Gov. Violenta, Protesto Longo (>3m)","Cidade: Ramallah (País: West Bank, Nível Liberdade: Not free). Tendência: 'Risco Baixo'. Motivações: (Econômica, Política). Participantes: (General public.). Duração: '1 day'. Tamanho: 'Thousands'. Resultados comuns: Outcome Significativo, Resposta Gov. Violenta, Protesto Longo (>3m)."
Freetown,SLE,Sierra Leone,Risco Médio,Partly free,Hundreds,2 weeks,General public.,"Econômica, Política, Corrupção",Resposta Gov. Violenta,"Cidade: Freetown (País: Sierra Leone, Nível Liberdade: Partly free). Tendência: 'Risco Médio'. Motivações: (Econômica, Política, Corrupção). Participantes: (General public.). Duração: '2 weeks'. Tamanho: 'Hundreds'. Resultados comuns: Resposta Gov. Violenta."
Lilongwe,MWI,Malawi,Risco Baixo,Partly free,Thousands,1 day,General public.,"Econômica, Política",Não especificado,"Cidade: Lilongwe (País: Malawi, Nível Liberdade: Partly free). Tendência: 'Risco Baixo'. Motivações: (Econômica, Política). Participantes: (General public.). Duração: '1 day'. Tamanho: 'Thousands'. Resultados comuns: Não especificado."
"Pretoria, Cape Town, Bloemfontein",ZAF,South Africa,Risco Elevado,Free,Thousands,1 day,General public.,"Econômica, Política, Corrupção","Outcome Significativo, Resposta Gov. Violenta, Protesto Longo (>3m)","Cidade: Pretoria, Cape Town, Bloemfontein (País: South Africa, Nível Liberdade: Free). Tendência: 'Risco Elevado'. Motivações: (Econômica, Política, Corrupção). Participantes: (General public.). Duração: '1 day'. Tamanho: 'Thousands'. Resultados comuns: Outcome Significativo, Resposta Gov. Violenta, Protesto Longo (>3m)."
Yaoundé,CMR,Cameroon,Risco Médio,Not free,Hundreds,1 day,Women.,"Política, Gênero",Outcome Significativo,"Cidade: Yaoundé (País: Cameroon, Nível Liberdade: Not free). Tendência: 'Risco Médio'. Motivações: (Política, Gênero). Participantes: (Women.). Duração: '1 day'. Tamanho: 'Hundreds'. Resultados comuns: Outcome Significativo."
Copenhagen,DNK,Denmark,Sem Dados,Free,Tens of thousands,1 day,Labor unions.,Política,Não especificado,"Cidade: Copenhagen (País: Denmark, Nível Liberdade: Free). Tendência: 'Sem Dados'. Motivações: (Política). Participantes: (Labor unions.). Duração: '1 day'. Tamanho: 'Tens of thousands'. Resultados comuns: Não especificado."
Oslo,NOR,Norway,Sem Dados,Free,Hundreds,9 days,"Sami people, Greta Thunberg.",Política,Não especificado,"Cidade: Oslo (País: Norway, Nível Liberdade: Free). Tendência: 'Sem Dados'. Motivações: (Política). Participantes: (Sami people, Greta Thunberg.). Duração: '9 days'. Tamanho: 'Hundreds'. Resultados comuns: Não especificado."
Paramaribo,SUR,Suriname,Sem Dados,Free,Hundreds,1 month,General public.,"Econômica, Política",Não especificado,"Cidade: Paramaribo (País: Suriname, Nível Liberdade: Free). Tendência: 'Sem Dados'. Motivações: (Econômica, Política). Participantes: (General public.). Duração: '1 month'. Tamanho: 'Hundreds'. Resultados comuns: Não especificado."
Abu Dhabi,ARE,United Arab Emirates,Sem Dados,Not free,Thousands,2 weeks,General public,"Econômica, Política, Corrupção",Não especificado,"Cidade: Abu Dhabi (País: United Arab Emirates, Nível Liberdade: Not free). Tendência: 'Sem Dados'. Motivações: (Econômica, Política, Corrupção). Participantes: (General public). Duração: '2 weeks'. Tamanho: 'Thousands'. Resultados comuns: Não especificado."
Blantyre,MWI,Malawi,Sem Dados,Partly free,Hundreds,1 day,General public.,"Econômica, Política, Corrupção",Não especificado,"Cidade: Blantyre (País: Malawi, Nível Liberdade: Partly free). Tendência: 'Sem Dados'. Motivações: (Econômica, Política, Corrupção). Participantes: (General public.). Duração: '1 day'. Tamanho: 'Hundreds'. Resultados comuns: Não especificado."
Mbabane,SWZ,Eswatini,Risco Médio,Not free,Tens of thousands,1 day,General public.,"Econômica, Política, Corrupção","Outcome Significativo, Resposta Gov. Violenta, Protesto Longo (>3m), Protesto Grande (>100k)","Cidade: Mbabane (País: Eswatini, Nível Liberdade: Not free). Tendência: 'Risco Médio'. Motivações: (Econômica, Política, Corrupção). Participantes: (General public.). Duração: '1 day'. Tamanho: 'Tens of thousands'. Resultados comuns: Outcome Significativo, Resposta Gov. Violenta, Protesto Longo (>3m), Protesto Grande (>100k)."
Dushanbe,TJK,Tajikistan,Sem Dados,Not free,Thousands,1 month,Residents of the Gorno-Badakhshan Autonomous Region.,Política,Resposta Gov. Violenta,"Cidade: Dushanbe (País: Tajikistan, Nível Liberdade: Not free). Tendência: 'Sem Dados'. Motivações: (Política). Participantes: (Residents of the Gorno-Badakhshan Autonomous Region.). Duração: '1 month'. Tamanho: 'Thousands'. Resultados comuns: Resposta Gov. Violenta."
Yaounde,CMR,Cameroon,Risco Médio,Not free,Tens of thousands,1 day in March 2022; 1 day in March 2023,"English-speakers, especially advocates of independence for English-speaking Ambazonia.","Econômica, Política, Gênero","Outcome Significativo, Resposta Gov. Violenta","Cidade: Yaounde (País: Cameroon, Nível Liberdade: Not free). Tendência: 'Risco Médio'. Motivações: (Econômica, Política, Gênero). Participantes: (English-speakers, especially advocates of independence for English-speaking Ambazonia.). Duração: '1 day in March 2022; 1 day in March 2023'. Tamanho: 'Tens of thousands'. Resultados comuns: Outcome Significativo, Resposta Gov. Violenta."
Chisinau,MDA,Moldova,Risco Médio,Partly free,Hundreds of thousands,1 year,"General public, especially members of the opposition Shor party.","Econômica, Política","Outcome Significativo, Protesto Longo (>3m), Protesto Grande (>100k)","Cidade: Chisinau (País: Moldova, Nível Liberdade: Partly free). Tendência: 'Risco Médio'. Motivações: (Econômica, Política). Participantes: (General public, especially members of the opposition Shor party.). Duração: '1 year'. Tamanho: 'Hundreds of thousands'. Resultados comuns: Outcome Significativo, Protesto Longo (>3m), Protesto Grande (>100k)."
Tashkent,UZB,Uzbekistan,Sem Dados,Not free,Thousands,1 week,Residents of Karakalpakstan,"Econômica, Política","Outcome Significativo, Resposta Gov. Violenta","Cidade: Tashkent (País: Uzbekistan, Nível Liberdade: Not free). Tendência: 'Sem Dados'. Motivações: (Econômica, Política). Participantes: (Residents of Karakalpakstan). Duração: '1 week'. Tamanho: 'Thousands'. Resultados comuns: Outcome Significativo, Resposta Gov. Violenta."
Nur-Sultan,KAZ,Kazakhstan,Risco Baixo,Not free,Hundreds of thousands,10 days,General public.,"Econômica, Política, Corrupção","Outcome Significativo, Resposta Gov. Violenta, Protesto Grande (>100k)","Cidade: Nur-Sultan (País: Kazakhstan, Nível Liberdade: Not free). Tendência: 'Risco Baixo'. Motivações: (Econômica, Política, Corrupção). Participantes: (General public.). Duração: '10 days'. Tamanho: 'Hundreds of thousands'. Resultados comuns: Outcome Significativo, Resposta Gov. Violenta, Protesto Grande (>100k)."
Minsk,BLR,Belarus,Risco Médio,Not free,Hundreds,1 day,General public.,"Política, Corrupção","Outcome Significativo, Resposta Gov. Violenta, Protesto Longo (>3m), Protesto Grande (>100k)","Cidade: Minsk (País: Belarus, Nível Liberdade: Not free). Tendência: 'Risco Médio'. Motivações: (Política, Corrupção). Participantes: (General public.). Duração: '1 day'. Tamanho: 'Hundreds'. Resultados comuns: Outcome Significativo, Resposta Gov. Violenta, Protesto Longo (>3m), Protesto Grande (>100k)."
Baku,AZE,Azerbaijan,Risco Médio,Not free,Thousands,1 day,General public.,Política,"Resposta Gov. Violenta, Protesto Longo (>3m), Protesto Grande (>100k)","Cidade: Baku (País: Azerbaijan, Nível Liberdade: Not free). Tendência: 'Risco Médio'. Motivações: (Política). Participantes: (General public.). Duração: '1 day'. Tamanho: 'Thousands'. Resultados comuns: Resposta Gov. Violenta, Protesto Longo (>3m), Protesto Grande (>100k)."
San Salvador,SLV,El Salvador,Sem Dados,Partly free,Thousands,2 months,General public.,"Econômica, Política",Não especificado,"Cidade: San Salvador (País: El Salvador, Nível Liberdade: Partly free). Tendência: 'Sem Dados'. Motivações: (Econômica, Política). Participantes: (General public.). Duração: '2 months'. Tamanho: 'Thousands'. Resultados comuns: Não especificado."
Windhoek,NAM,Namibia,Sem Dados,Free,Hundreds,1 day,General public.,Política,Não especificado,"Cidade: Windhoek (País: Namibia, Nível Liberdade: Free). Tendência: 'Sem Dados'. Motivações: (Política). Participantes: (General public.). Duração: '1 day'. Tamanho: 'Hundreds'. Resultados comuns: Não especificado."
Honiara,SLB,Solomon Islands,Sem Dados,Free,Thousands,2 weeks,Residents of Malaita.,"Econômica, Política",Não especificado,"Cidade: Honiara (País: Solomon Islands, Nível Liberdade: Free). Tendência: 'Sem Dados'. Motivações: (Econômica, Política). Participantes: (Residents of Malaita.). Duração: '2 weeks'. Tamanho: 'Thousands'. Resultados comuns: Não especificado."
Muscat,OMN,Oman,Risco Médio,Not free,Hundreds,1 week,"General public, especially youth.","Econômica, Política",Outcome Significativo,"Cidade: Muscat (País: Oman, Nível Liberdade: Not free). Tendência: 'Risco Médio'. Motivações: (Econômica, Política). Participantes: (General public, especially youth.). Duração: '1 week'. Tamanho: 'Hundreds'. Resultados comuns: Outcome Significativo."
Manama,BHR,Bahrain,Sem Dados,Not free,Hundreds,1 day,Residents of the town of Diah; general public.,Política,Não especificado,"Cidade: Manama (País: Bahrain, Nível Liberdade: Not free). Tendência: 'Sem Dados'. Motivações: (Política). Participantes: (Residents of the town of Diah; general public.). Duração: '1 day'. Tamanho: 'Hundreds'. Resultados comuns: Não especificado."
Cairo,EGY,Egypt,Risco Médio,Not free,Tens of thousands,1 week,"Rural citizens, especially those displaced by the government's demolition campaign.","Econômica, Política, Corrupção","Outcome Significativo, Resposta Gov. Violenta","Cidade: Cairo (País: Egypt, Nível Liberdade: Not free). Tendência: 'Risco Médio'. Motivações: (Econômica, Política, Corrupção). Participantes: (Rural citizens, especially those displaced by the government's demolition campaign.). Duração: '1 week'. Tamanho: 'Tens of thousands'. Resultados comuns: Outcome Significativo, Resposta Gov. Violenta."
Ashgabat,TKM,Turkmenistan,Sem Dados,Not free,Tens of thousands,1 day,General public.,Política,Resposta Gov. Violenta,"Cidade: Ashgabat (País: Turkmenistan, Nível Liberdade: Not free). Tendência: 'Sem Dados'. Motivações: (Política). Participantes: (General public.). Duração: '1 day'. Tamanho: 'Tens of thousands'. Resultados comuns: Resposta Gov. Violenta."
Khartoum,SDN,Sudan,Risco Elevado,Not free,Thousands,1 month,"General public, professional organizations, resistance committees; Islamic groups and supporters of Bashir.","Econômica, Política, Corrupção","Outcome Significativo, Resposta Gov. Violenta, Protesto Longo (>3m), Protesto Grande (>100k)","Cidade: Khartoum (País: Sudan, Nível Liberdade: Not free). Tendência: 'Risco Elevado'. Motivações: (Econômica, Política, Corrupção). Participantes: (General public, professional organizations, resistance committees; Islamic groups and supporters of Bashir.). Duração: '1 month'. Tamanho: 'Thousands'. Resultados comuns: Outcome Significativo, Resposta Gov. Violenta, Protesto Longo (>3m), Protesto Grande (>100k)."
Yamoussoukro,,Ivory Coast,Sem Dados,Partly free,Thousands,3 months,General public.,Política,Resposta Gov. Violenta,"Cidade: Yamoussoukro (País: Ivory Coast, Nível Liberdade: Partly free). Tendência: 'Sem Dados'. Motivações: (Política). Participantes: (General public.). Duração: '3 months'. Tamanho: 'Thousands'. Resultados comuns: Resposta Gov. Violenta."
Port Louis,MUS,Mauritius,Sem Dados,Free,Hundreds of thousands,2 months,"General public, particularly environmental activists.","Econômica, Política","Resposta Gov. Violenta, Protesto Grande (>100k)","Cidade: Port Louis (País: Mauritius, Nível Liberdade: Free). Tendência: 'Sem Dados'. Motivações: (Econômica, Política). Participantes: (General public, particularly environmental activists.). Duração: '2 months'. Tamanho: 'Hundreds of thousands'. Resultados comuns: Resposta Gov. Violenta, Protesto Grande (>100k)."
Kuwait City,KWT,Kuwait,Sem Dados,Partly free,Tens of thousands,1 week,"General public, including former and current members of parliament.","Econômica, Política",Não especificado,"Cidade: Kuwait City (País: Kuwait, Nível Liberdade: Partly free). Tendência: 'Sem Dados'. Motivações: (Econômica, Política). Participantes: (General public, including former and current members of parliament.). Duração: '1 week'. Tamanho: 'Tens of thousands'. Resultados comuns: Não especificado."
Harare,ZWE,Zimbabwe,Risco Médio,Not free,Thousands,1 day,General public.,"Econômica, Política",Resposta Gov. Violenta,"Cidade: Harare (País: Zimbabwe, Nível Liberdade: Not free). Tendência: 'Risco Médio'. Motivações: (Econômica, Política). Participantes: (General public.). Duração: '1 day'. Tamanho: 'Thousands'. Resultados comuns: Resposta Gov. Violenta."
Algiers,DZA,Algeria,Sem Dados,Not free,Millions,1 year (first round); 2 months (second wave),"Opposition parties; a wide range of everyday citizens, such as bankers, truck drivers, teachers, students.","Econômica, Política, Corrupção","Outcome Significativo, Protesto Longo (>3m), Protesto Grande (>100k)","Cidade: Algiers (País: Algeria, Nível Liberdade: Not free). Tendência: 'Sem Dados'. Motivações: (Econômica, Política, Corrupção). Participantes: (Opposition parties; a wide range of everyday citizens, such as bankers, truck drivers, teachers, students.). Duração: '1 year (first round); 2 months (second wave)'. Tamanho: 'Millions'. Resultados comuns: Outcome Significativo, Protesto Longo (>3m), Protesto Grande (>100k)."
Libreville,GAB,Gabon,Sem Dados,Not free,Tens of thousands,1 week,Secondary school students.,"Política, Corrupção",Outcome Significativo,"Cidade: Libreville (País: Gabon, Nível Liberdade: Not free). Tendência: 'Sem Dados'. Motivações: (Política, Corrupção). Participantes: (Secondary school students.). Duração: '1 week'. Tamanho: 'Tens of thousands'. Resultados comuns: Outcome Significativo."
San Jose,CRI,Costa Rica,Sem Dados,Free,Hundreds of thousands,1 month,"Trade unions, public sector workers.",Econômica,"Outcome Significativo, Protesto Grande (>100k)","Cidade: San Jose (País: Costa Rica, Nível Liberdade: Free). Tendência: 'Sem Dados'. Motivações: (Econômica). Participantes: (Trade unions, public sector workers.). Duração: '1 month'. Tamanho: 'Hundreds of thousands'. Resultados comuns: Outcome Significativo, Protesto Grande (>100k)."
Hanoi,VNM,Vietnam,Sem Dados,Not free,Hundreds,1 week,"General public, including war veterans.","Econômica, Política",Não especificado,"Cidade: Hanoi (País: Vietnam, Nível Liberdade: Not free). Tendência: 'Sem Dados'. Motivações: (Econômica, Política). Participantes: (General public, including war veterans.). Duração: '1 week'. Tamanho: 'Hundreds'. Resultados comuns: Não especificado."
Montevideo,URY,Uruguay,Sem Dados,Free,Thousands,1 day,Political opposition.,Política,Não especificado,"Cidade: Montevideo (País: Uruguay, Nível Liberdade: Free). Tendência: 'Sem Dados'. Motivações: (Política). Participantes: (Political opposition.). Duração: '1 day'. Tamanho: 'Thousands'. Resultados comuns: Não especificado."
Malé,MDV,Maldives,Sem Dados,Partly free,Hundreds of thousands,1 month,General public.,"Econômica, Política",Protesto Grande (>100k),"Cidade: Malé (País: Maldives, Nível Liberdade: Partly free). Tendência: 'Sem Dados'. Motivações: (Econômica, Política). Participantes: (General public.). Duração: '1 month'. Tamanho: 'Hundreds of thousands'. Resultados comuns: Protesto Grande (>100k)."
Managua,NIC,Nicaragua,Sem Dados,Partly free,Hundreds of thousands,4 months,"Conservative Islamist party, teachers and students from religious schools.","Econômica, Política","Resposta Gov. Violenta, Protesto Longo (>3m), Protesto Grande (>100k)","Cidade: Managua (País: Nicaragua, Nível Liberdade: Partly free). Tendência: 'Sem Dados'. Motivações: (Econômica, Política). Participantes: (Conservative Islamist party, teachers and students from religious schools.). Duração: '4 months'. Tamanho: 'Hundreds of thousands'. Resultados comuns: Resposta Gov. Violenta, Protesto Longo (>3m), Protesto Grande (>100k)."
Santo Domingo,DOM,Dominican Republic,Sem Dados,Partly free,Hundreds of thousands,"1 year, 6 months",Young people.,Política,Protesto Grande (>100k),"Cidade: Santo Domingo (País: Dominican Republic, Nível Liberdade: Partly free). Tendência: 'Sem Dados'. Motivações: (Política). Participantes: (Young people.). Duração: '1 year, 6 months'. Tamanho: 'Hundreds of thousands'. Resultados comuns: Protesto Grande (>100k)."
